Question,Answer
"Where can I find the link to apply for the B.Tech Degree program, through the general category?",The link to apply for the B.Tech programmes (General category) is available on the website www.vit.ac.in & www.vitap.ac.in
"Which branch in Engineering would have the best scope?",All Engineering branches have an equally good scope. Much depends on your passion for the program and your endeavour to excel.
Are candidates appearing for Improvement/Privately also eligible to apply for VITEEE?,Yes. They are eligible to apply for VITEEE and should produce their marks sheet at the time of counselling / admission.
What is the cost of the VITEEE Application form?,Online application-https://viteee.vit.ac.in/- Rs. 1350/-
Where can I find the fee structure for various programmes?,Please follow the link https://vit.ac.in/admission/ug/fee-structure
How many campuses does VIT have?,"Under VIT Group there are: VIT Vellore,VIT Chennai,VIT AP and VIT Bhopal. The first two come under Deemed to be University and VIT-AP and VIT-Bhopal are state private Universities."
Will I be offered the option of choosing my campus and program while filling application?,No. only at the time of counselling you would be offered the option of choosing your campus and a program. This would depend on the availability of the campus as per your rank in the order of merit.
What is the closing date for issue of applications?,Applications will be issued till end of 31st March 2023 (Tentative)
Does VIT offer admissions through Management quota?,There is no Management Quota in VIT. Admissions is purely based on the merit rank obtained in the VITEEE and for other Undergraduate programs, it is based on the merit of your XII/ Higher Secondary Boards by which you would be accordingly ranked.
Is there lateral entry admission available for Diploma candidates?,'No'. There is no lateral entry admission offered for B.Tech and UG Programmes. Diploma holders (10+3) are eligible for B.Sc. Multimedia and Animation, Visual Communication, Fashion Designing (Chennai) with an overall aggregate of 60%.
Is VITEEE mandatory or would merit of XII / Higher Secondary Board, JEE Main / SAT scores be considered for admission to the B.Tech. Degree Programme?,'Yes' VITEEE is mandatory for admission to the B.Tech. Programme in VIT. Higher Secondary Board, JEE Main/ SAT scores will not be considered for admission to the B.Tech. Degree Programme.
What would be the syllabus and Question pattern (QP) for the VITEEE?,Please visit the https://viteee.vit.ac.in/ link for the syllabus.-The questions (MCQ) will primarily be from the State Board of Higher Secondary Education and the CBSE syllabus. Math’s or Biology (40 questions), Physics (35 questions), Chemistry (35 questions), Aptitude (10 questions) and English (5 questions) in two and half examination without negative marking.
Could I have some information on Entrance Examination?, VIT Engineering Entrance Examination will be conducted between 15th to 21st April 2023 (Tentative) CBT – Computer based test.The duration of the Entrance Examination will be of 2 hours and 30 minutes.The details on the sessions and timings would be intimated before slot booking.
If a student has selected / allotted a particular branch of Engineering through counselling, in a selected campus, under a specific category, would it be possible to change the branch, campus or category later?,It is most unlikely that a change could be accommodated, once allotted. There is no Sliding/ up gradation in category / change of campus option offered further to admission.


